id,name,category,pricingCategory,retailPrice,showInPos,vsp_tier,eyemed_tier,spectera_tier
cdd00b28-9789-414e-b30b-e71ef41ef8b8,Essilor Eyecode SV,LENS,SINGLE_VISION,204.60,false,,,
61aa4595-678e-4624-84b5-727b90a0f728,Essilor Fit SV,LENS,SINGLE_VISION,191.76,false,,,
a20a1961-b9a6-42b0-8435-12b7bffbab5b,Shamir Attitude III SV Fashion/Sport,LENS,SINGLE_VISION,186.36,false,,,
f6e4452c-192d-431b-ae86-27374a7e0d3a,Essilor Stylistic SV,LENS,SINGLE_VISION,182.10,false,,,
3a57b26f-582c-4fe1-b96f-01c97276e887,Shamir Relax SV,LENS,SINGLE_VISION,177.78,false,,,
2c21aa9a-4a03-49be-958a-b9bcdd6b05ba,Shamir Autograph III SV,LENS,SINGLE_VISION,166.08,false,,,
adb9c0ab-d08b-4a63-8109-7b4a04737382,Shamir Spectrum SV,LENS,SINGLE_VISION,164.58,false,,,
5b193c99-8ba6-47fb-b787-366df19e038c,Shamir Autograph II SV,LENS,SINGLE_VISION,162.84,false,,,
9ddd48cd-eaa9-4c03-b8af-e7c0761e30f1,Shamir Autograph II SV Attitude,LENS,SINGLE_VISION,162.24,false,,,
fe3d2e8e-5b72-4703-bd61-8a1dc8f5dc1a,Essilor Eyezen+ / Eyezen Start,LENS,SINGLE_VISION,128.82,false,,,
0e5c373f-4af4-452a-8f59-77a73e93808d,Kodak PowerUp,LENS,SINGLE_VISION,124.38,false,,,
2cf5f56d-73be-4938-97cd-08634e3364f0,Kodak Digital SV,LENS,SINGLE_VISION,124.26,false,,,
cff8319e-7583-4794-a003-0c8b4ed535de,Essilor Anti-Fatigue SV,LENS,SINGLE_VISION,123.36,false,,,
f0348a3f-2b85-4ab6-b418-c829bca18e6a,Single Vision Aspheric (Eyezen),LENS,SINGLE_VISION,113.52,true,,,
35e6d855-01b4-4eae-a729-914d56aae7d0,Single Vision,LENS,SINGLE_VISION,80.40,true,,,
a694ddd2-1c0e-4181-8598-3dd359a8f9eb,Shamir Duo,LENS,BIFOCAL,209.10,true,,,
1015e4e2-0464-4357-9c19-1212ac2dda13,Flat Top 28 D28 Aspheric,LENS,BIFOCAL,197.04,false,,,
25fa7728-ae5d-4e5a-a4b9-2e2ba9c4a666,Essilor Bifocal AB FT-28,LENS,BIFOCAL,195.90,false,,,
826510ad-da32-48dc-bcc2-1e7125007e23,Flat Top 35 D35,LENS,BIFOCAL,139.14,false,,,
57fd7e5b-2ce5-4c58-b34c-ae1a7f2ac449,Flat Top 28,LENS,BIFOCAL,126.00,true,,,
3708e744-79eb-4ade-9eca-d92e6b35eb02,Flat Top 8x35,LENS,TRIFOCAL,302.94,false,,,
68cf4e82-bc20-47c6-843b-552389624ab1,Trifocal,LENS,TRIFOCAL,132.48,true,,,
def80bdb-5161-4835-9845-a07f81b4fb28,Flat Top 7x28,LENS,TRIFOCAL,132.48,false,,,
1b5f23de-d087-42bb-8f24-47e98414cf46,Varilux XR track,LENS,PROGRESSIVE,672.00,true,,,
6ae17d2e-8629-4b5a-bf5e-d7dbc7f054ef,Varilux XR design,LENS,PROGRESSIVE,672.00,true,,,
2af69aaa-93b0-4540-adf0-f2cee80cbe8c,Varilux X Design,LENS,PROGRESSIVE,600.00,true,,,
96ab881f-8ac8-4545-9402-b9b3fe7cfcf5,Shamir Autograph Intelligence,LENS,PROGRESSIVE,587.10,false,,,
5aa9cde9-36d2-4130-97a8-00a1371e25c1,Shamir Attitude III Fashion/Sport,LENS,PROGRESSIVE,561.90,false,,,
1f96a0b9-01a9-4e05-9426-76cc1d57e8fd,Shamir Autograph III,LENS,PROGRESSIVE,552.90,false,,,
98788b60-2942-4784-8ad9-927b696f34f2,Varilux Physio extensee track,LENS,PROGRESSIVE,540.90,false,,,
7f87e458-c35c-4049-81c7-3c66fa36d325,Varilux Physio extensee,LENS,PROGRESSIVE,525.90,false,,,
a3674cdc-fcd7-4b78-be19-5029a21361bd,Varilux Physio extensee Classic Edition,LENS,PROGRESSIVE,461.40,false,,,
90a03cb4-f342-42e0-bcb8-23771059631e,Accolade Freedom,LENS,PROGRESSIVE,458.70,false,,,
63561116-bd4c-48d5-a0ed-cfb51bb32207,Kodak Unique DRO Mini,LENS,PROGRESSIVE,457.50,false,,,
b0bd5b11-cfed-4604-b13a-989e67a15d5b,Varilux Physio DRx,LENS,PROGRESSIVE,455.40,false,,,
5f430c7e-d1a4-4802-b666-0630d5c2371f,Shamir Autograph II Attitude Fashion/Sport,LENS,PROGRESSIVE,404.10,false,,,
ad1754cd-c7c5-4690-adcc-8bc544684700,Varilux Comfort Max Fit,LENS,PROGRESSIVE,403.20,false,,,
a46b6ad7-7d0b-4ff2-a5a6-2e4e5076131c,Varilux I design,LENS,PROGRESSIVE,403.20,false,,,
5fe3e82f-50e7-40dc-8f7f-f828f172d0fc,Kodak Unique HD,LENS,PROGRESSIVE,396.30,false,,,
119a9dd1-2c1e-4f1f-8f06-d1bea00adba0,Varilux Comfort Max,LENS,PROGRESSIVE,393.30,true,,,
2cb972bc-5dbf-49fa-9dca-ac68a1f3c09b,Accolade,LENS,PROGRESSIVE,392.70,false,,,
99f787a8-eec0-4905-a612-729afa12c558,Shamir Autograph II,LENS,PROGRESSIVE,384.60,false,,,
356913e0-38bb-4e78-88f2-834fefe12a58,Shamir InTouch,LENS,PROGRESSIVE,368.10,false,,,
37255170-d3b2-4638-92c9-84fb8689791f,Varilux Comfort,LENS,PROGRESSIVE,368.10,false,,,
2879d101-632f-4646-80f8-82614ff8b6db,Kodak Unique DRO,LENS,PROGRESSIVE,364.50,false,,,
0f38d051-1722-4948-9f7d-092a7363aaf8,Essilor Ideal Driving/Sport,LENS,PROGRESSIVE,337.20,false,,,
256a3e80-47c2-462f-92d2-6b6afd765860,Kodak Concise Digital,LENS,PROGRESSIVE,315.60,false,,,
0f590c17-d6cb-452a-9f99-57fb673ebd92,Essilor Ideal Advanced,LENS,PROGRESSIVE,312.00,false,,,
23ee938e-d4b9-4b2b-b6bf-7be7b1ba7d25,Kodak Unique,LENS,PROGRESSIVE,312.00,false,,,
2e8d1f70-9567-443a-9e5b-3176fdadbd17,Essilor Ideal Fit,LENS,PROGRESSIVE,301.80,false,,,
2ea7f0eb-6caf-436d-aea8-68ee67052ab9,Ovation Digital,LENS,PROGRESSIVE,295.20,false,,,
2645c550-5131-46f3-ac51-34b846a39123,Shore Shorview DS Advanced Fit,LENS,PROGRESSIVE,283.20,false,,,
475f908b-c61f-4d4f-bb44-0c12b36d8394,Ovation,LENS,PROGRESSIVE,281.70,false,,,
8a304594-476b-4a13-9d61-a0db83ae2ff4,SmallFit Digital,LENS,PROGRESSIVE,281.70,false,,,
2b70b3f7-9f2a-4ba8-9a8c-67577b028578,Essilor Ideal / Ideal Short,LENS,PROGRESSIVE,277.20,false,,,
c815069f-8793-48ba-88a6-5b123e308917,Shamir Element,LENS,PROGRESSIVE,277.20,false,,,
1eeb2e76-8f87-425e-ae47-81ab513ee00f,Shamir Spectrum / Spectrum+,LENS,PROGRESSIVE,274.20,false,,,
86399361-858c-4eca-a30b-d5bd9a9e9683,Natural Digital,LENS,PROGRESSIVE,271.20,false,,,
9638b64d-ac63-4698-a3be-5c65d5e456ec,SmallFit,LENS,PROGRESSIVE,267.90,false,,,
84b13c75-a223-44f0-b0e8-3752a163a392,Shamir FirstPAL,LENS,PROGRESSIVE,263.40,false,,,
99a94d92-4aa5-4fb9-b419-f042a6b3f61f,Natural,LENS,PROGRESSIVE,263.40,false,,,
c9139c21-ff0b-42bf-9f19-173409df9c43,Shore Shorview DS Advanced Mini,LENS,PROGRESSIVE,257.70,false,,,
20cbec30-6dc5-43a0-91b0-4709340eb5b8,Varilux Comfort DRx,LENS,PROGRESSIVE,254.10,true,,,
97697e47-49aa-4b4b-9a62-77cf9e43cfae,Adaptar Digital,LENS,PROGRESSIVE,243.00,false,,,
e857b3aa-babe-48bb-b812-e8e024466739,Kodak Precise PB,LENS,PROGRESSIVE,239.40,false,,,
e390290d-8306-4726-aa53-7bb9ce21d465,Kodak Concise,LENS,PROGRESSIVE,236.10,false,,,
c32eb966-2b41-4f94-b219-9bc0f23546f2,Kodak Precise,LENS,PROGRESSIVE,230.40,false,,,
20f7c508-a512-4358-b910-661e641a5776,Shamir Genesis HD,LENS,PROGRESSIVE,221.40,false,,,
234c2529-a8ca-490c-9a1a-8f10def5700b,Kodak Easy,LENS,PROGRESSIVE,218.10,false,,,
5ce389c9-23d4-4efa-9cbf-1c531fc827c1,Signet-Armorlite Navigator,LENS,PROGRESSIVE,209.40,false,,,
de56a30e-98c7-405f-98f7-7b11e0ad5288,Shore Shorview Digital / Mini,LENS,PROGRESSIVE,146.70,false,,,
9231be8a-2266-4fbd-87ef-b61ebbee217c,PALZ Value Progressive,LENS,PROGRESSIVE,138.60,false,,,
72ee1dc2-4e68-4442-a7ee-adaa187c162f,Brillenz,LENS,PROGRESSIVE,138.60,true,,,
878b71bb-eb3b-4d0a-8e6e-835626165deb,Shore Shorview ES / Mini,LENS,PROGRESSIVE,137.70,false,,,
c8b0de47-be16-4794-b8e4-788c6986d5fe,Younger Image,LENS,PROGRESSIVE,130.20,false,,,
6454460c-714d-45b0-92ec-67a8de79e153,Vision-Ease Outlook,LENS,PROGRESSIVE,125.40,false,,,
1cd9ea29-3dd0-4951-a540-ec375f35b6c3,Shore Shorview,LENS,PROGRESSIVE,114.90,false,,,
40e24d18-32ac-43d6-be2c-5bf0e6235257,Essilor Ideal @ Computer,LENS,OFFICE,306.60,false,,,
5229c2d3-7511-4341-98b7-dd127a9ab0b7,Shamir Computer,LENS,OFFICE,305.40,false,,,
c0d14254-66d7-4245-b9ea-144b6942d0f7,Shamir Workspace,LENS,OFFICE,305.40,false,,,
0f07b4c3-2ad1-4116-8f7d-f7cf76cfd6f1,Kodak SoftWear,LENS,OFFICE,253.20,false,,,
bff5c9b6-eaf1-4b6e-9aa8-ae174074658f,Shamir Office,LENS,OFFICE,214.50,false,,,
ce87d193-ad15-491a-9294-dac4ad000cf2,Shamir Autograph II Office,LENS,OFFICE,178.20,false,,,
54ce9f5e-7e0a-4cd8-afea-fdb566f4edfb,Crizal Sapphire HR,AR_COATING,AR_COATING,258.12,true,,,
c72edb11-7b37-4dff-bb15-35890d99cbcf,Crizal Sun Shield Mirrors UV,AR_COATING,AR_COATING,240.00,true,,,
7a8a89b7-61fe-42d9-9916-51c99dfb53dc,Crizal Prevencia,AR_COATING,AR_COATING,225.06,true,,,
bc4486af-798f-4a48-a295-590e8826bbc7,Crizal Optifog,AR_COATING,AR_COATING,215.00,false,,,
dcfe6e8b-f78f-4e44-b1f0-acd27390b487,Crizal Rock,AR_COATING,AR_COATING,204.45,true,,,
879f4c1a-d15e-4c4d-9070-d822c798506f,Crizal Sun Shield UV,AR_COATING,AR_COATING,183.60,true,,,
8d88b0f9-c85a-428c-8839-9fc196fff6cf,Crizal Easy Pro,AR_COATING,AR_COATING,147.60,true,,,
ed2e0fe9-3704-44b1-8e9c-46c317825e27,TD2 2-Sided,AR_COATING,AR_COATING,123.00,false,,,
a47b3745-a705-4aad-9e08-c70e960d25df,SharpView+,AR_COATING,AR_COATING,110.40,false,,,
fa39a16b-d0ba-45d9-8fa9-2a71a4c39e43,Crizal Easy,AR_COATING,AR_COATING,110.00,false,,,
a837332c-fa83-4e94-ae5d-c1c37743d04b,TD2 with Optifog,AR_COATING,AR_COATING,104.25,false,,,
9be7ea83-c138-4f17-8aa1-4b448e49eb6c,Essential Blue Series,AR_COATING,AR_COATING,95.16,true,,,
4216e3b9-810d-4d8d-a899-892837bd6a5c,Reflection Free,AR_COATING,AR_COATING,54.60,false,,,
9004d500-7de7-4585-92ae-e8644255f701,Transitions XTRActive Polarized,TRANSITIONS,TRANSITIONS,372.00,true,,,
d98a9166-cd3d-422d-897e-3fe4c7f01b31,Transitions Drivewear,TRANSITIONS,TRANSITIONS,282.30,true,,,
e996640f-e130-4e8f-bdfb-acd9fc5cc9cc,Transitions XTRActive New Generation,TRANSITIONS,TRANSITIONS,225.06,true,,,
547f307e-296f-4ced-b1f0-b26e915e08e9,Transitions GEN S,TRANSITIONS,TRANSITIONS,184.08,true,,,
3ec53531-314e-4cc5-952e-5228dbbc0f0a,Ultra High Index 1.74,MATERIAL,MATERIAL,340.02,true,,,
00e0d5c0-d7a2-4b6e-a2dd-be9438384c9b,Ultra High Index 1.67,MATERIAL,MATERIAL,225.00,true,,,
152ea9bd-2ea6-4db6-8a00-f6df61e966fc,High Index 1.60,MATERIAL,MATERIAL,150.00,true,,,
9d779896-ff5f-4ae4-9166-1c5affc681bb,Trexa / Trivex,MATERIAL,MATERIAL,105.00,true,,,
07d8541b-ecdf-4e9d-a47a-a7c9eef6299b,LiteStyle / Poly,MATERIAL,MATERIAL,75.00,true,,,
2fb10481-77da-4b0c-8d56-8cea6984bf7f,Polarized,ADDON,ADDON,150.00,true,,,
41106663-4351-4371-bacb-b0fb321028da,Varilux Stylistic Wrap,ADDON,ADDON,292.20,false,,,
0e285f30-0555-430a-a1da-2402fd40b6ee,Slab-Off per lens,ADDON,ADDON,222.60,false,,,
d7c7dd5e-6cb8-40cb-acea-59793ff8cfbe,Polarized w/ Xperio UV / Xperio UV Mirror,ADDON,ADDON,219.80,false,,,
1f0ff367-389a-4eb4-a0c6-fc0820127843,Essilor Ideal Advanced Wrap,ADDON,ADDON,208.00,false,,,
eb8985f0-e5c5-4db6-b4ed-b3e3e4a20a25,Myodisc & Lenticular Grind,ADDON,ADDON,180.80,false,,,
a3aec931-2b30-4409-939c-195b37e9d927,Double Side Grind,ADDON,ADDON,65.20,false,,,
36c5c9a5-9fed-4e05-90d6-68d41cea3629,Adds Over 4.00 Per Pair,ADDON,ADDON,39.60,false,,,
140ca655-0187-4241-a405-37d38872d1b9,Adds Over 3.00 Per Pair,ADDON,ADDON,33.00,false,,,
b878cbce-987c-44b8-a536-f036d3847557,Frosted Lens (Each Lens),ADDON,ADDON,27.60,false,,,
c7048f34-df4f-4de0-93b2-21ea9d5e083a,Special Base Curve - MF,ADDON,ADDON,24.40,false,,,
792604f1-9966-4020-bf7b-c8b1209ca212,Special Base Curve - SV,ADDON,ADDON,20.00,false,,,
db3dc5ba-7d25-475b-8225-29ab1b89782a,Spheres over Base Range Per D Per Pair,ADDON,ADDON,15.00,false,,,
9db28ea9-ddd9-43cb-abe7-f0c2cf965319,Cylinder over Base Range Per D Per Pair,ADDON,ADDON,15.00,false,,,
8218259d-81e9-48dc-81d2-06c7f944e693,Prism over Base Range Per D Per Lens,ADDON,ADDON,8.20,false,,,
8f676cf8-212c-4be3-a2fe-9d8688f4382f,UNCUT Deduct,ADDON,ADDON,-20.00,false,,,
7526123c-dd3a-4ff4-8236-197243a87b9b,Bi-Concave,LENS,ADDON,48.00,false,,,
23960247-0a29-45f3-9cf9-0c8aeaacd3c4,Solid Tint,ADDON,TINT,40.08,true,,,
ebf68f4f-c3bd-4d3f-bf87-a59a639b5b39,Gradient Tint,ADDON,TINT,48.00,true,,,
85e4ab3a-af8b-4232-98bb-c6feb154e072,Mirror - Solid Color,ADDON,TINT,60.00,true,,,
cdc0ab0c-155a-449a-a8bd-24dbf85e1523,Style Mirrors (Add to XTRActive),ADDON,TINT,74.00,false,,,
38063237-c471-4a60-9680-db4169031cd8,Mirror - Gradient,ADDON,TINT,58.40,false,,,
b01805bd-5f07-4999-a215-2dd4027577f4,Multi-Gradient / Double Tints,ADDON,TINT,34.40,false,,,
0b4675b5-5b1a-4c29-9557-77fa251d3f65,Gradient Tint - CR39/Poly CLR Lens,ADDON,TINT,30.00,false,,,
ad50a5fa-180d-4e05-9acb-e884d00bd14c,Remove Tint,ADDON,TINT,24.40,false,,,
77715afd-0f85-4183-beec-f253cfb5acc2,Solid Tint - CR39/Poly CLR Lens,ADDON,TINT,17.80,false,,,
1caacab4-7baa-4093-8c68-1dbe674fb40f,Gradient Tint - CR39/Poly Polar Lens,ADDON,TINT,15.60,false,,,
2407bbba-8921-43f3-8738-22cb3d0b0838,Gradient (Lens),LENS,TINT,45.00,false,,,
1f7c1d0e-61db-41c1-a684-09058dce2633,Solid (Lens),LENS,TINT,26.70,false,,,
e7cd5f28-9f97-4600-80d7-86a70ee7717e,Grooved Rimless,ADDON,EDGING,35.00,true,,,
07a3363d-7776-45c7-9109-20f651523880,Rimless Drilled (up to 4 holes),ADDON,EDGING,50.00,true,,,
0746d0a9-1404-4248-a114-112727474916,Roll & Polish,ADDON,EDGING,25.00,true,,,
d39c0649-b2fc-43b7-ac1e-b10e481803a9,Rimless Drilled - Special,ADDON,EDGING,85.00,false,,,
3ac2e97d-e120-4ce4-9a50-07fc1ddad31d,Press-On Prism (Optics) Supply & Mount,ADDON,EDGING,74.00,false,,,
6cb78425-ab50-4e90-9204-aa41d4e610cf,Rimless Drilled (up to 8 holes),ADDON,EDGING,52.00,false,,,
f8a16640-436c-45c1-9732-646a445fa193,Rimless Drill and/or Notch,ADDON,EDGING,52.00,false,,,
48050578-e848-4c87-bcf5-83d96b2d2c4d,Cut Edge Mount Customer Lens,ADDON,EDGING,36.40,false,,,
72e24e21-2aa0-489a-833e-8a79b0598663,Groove & Paint (Color Groove),ADDON,EDGING,32.00,false,,,
95211a0e-b418-4d40-8b25-429c3bb456b8,Full Metal Groove,ADDON,EDGING,32.00,false,,,
ecf30a1f-70c8-4dbe-92c2-d3685977f14f,Wrap Lens,ADDON,EDGING,32.00,false,,,
d1958e12-d59a-4329-a091-c1753ca58e44,Modify to Shape / Custom Shape / Hand Edge,ADDON,EDGING,31.00,false,,,
47daccd8-a39f-4f35-a180-8de77808047c,Sport Edge / Wrap Frame,ADDON,EDGING,31.00,false,,,
acd80752-aa4e-4213-a1d1-c15fe1608309,Swim Goggle Edge & Mount,ADDON,EDGING,30.00,false,,,
2d06b2bb-3655-4975-866d-5884a0eda607,Engrave Initials Name or Standard Design,ADDON,EDGING,25.40,false,,,
0ed90949-6362-4e4c-ac50-4ba287fde19a,Edge Coating: ColorSmart,ADDON,EDGING,22.20,false,,,
b772ac48-a43a-411f-95f5-aa6ab8a7b260,Roll Edges (Service),ADDON,EDGING,14.40,false,,,
edf229bd-640e-473e-83df-1b3947c6adfc,Double Facet Scalloped & Slotted,LENS,EDGING,201.90,false,,,
323309cd-df66-42bb-9f9a-ed366463ca3f,Facet,LENS,EDGING,152.40,false,,,
04f212ed-d610-4937-ae77-db8786c78326,Re-String Nylon Frame,LENS,EDGING,41.40,false,,,
42cd7ef5-ee53-42a2-abe3-b911c214c5b8,Insert / Mount Lenses,LENS,EDGING,20.10,false,,,
38960ae9-2ee1-48fb-993c-049d62f71d14,Double Solder & Materials,ADDON,REPAIR,71.60,false,,,
460ac1cc-afb8-44f8-b194-59b73b267202,Double Solder & Materials - Re-Insert Lenses,ADDON,REPAIR,54.00,false,,,
9e0da30f-1feb-444e-8b0e-163dd0da337e,Single Solder & Materials,ADDON,REPAIR,40.80,false,,,
188539f5-312b-4257-b8dd-947b4ac374ce,Replace 1 Temple,ADDON,REPAIR,30.00,false,,,
82bc1131-60a3-4713-ac6c-ac705755024e,Shorten / Cut Temples,ADDON,REPAIR,30.00,false,,,
7e324f8a-b4eb-4be5-927a-709d9d1d8f8f,Nose Pads: Attach Adjustable Silicon Nose Bridge,ADDON,REPAIR,28.80,false,,,
aaaf0e4b-d1a0-4977-ba8f-d4ecd9a71f78,Hinge Repair for Zyl Frame (Rivet/Shield),ADDON,REPAIR,25.40,false,,,
ff09ca73-d0ed-4a9b-aafd-8d1edc05f6e5,Hinge Repair for Zyl Frame (Hidden Hinge),ADDON,REPAIR,25.40,false,,,
a2559527-794e-4756-b250-d2025b012847,Nose Pads: Replacement (Fitted Soft or Silicone),ADDON,REPAIR,23.20,false,,,
71279d2c-6e84-457e-82f4-b70cad8b5517,Cable Temple Conversion - Metal Frame,ADDON,REPAIR,20.00,false,,,
948d2033-c492-444c-ac7f-45d0f178790e,Cable Temple Conversion - Zyl Frame,ADDON,REPAIR,20.00,false,,,
05779f5c-4bd3-4abc-b11d-d48501348051,Make or Modify Pattern from Customer Drawing,ADDON,REPAIR,20.00,false,,,
ebc1b6d2-9e14-4761-8fa1-fdb9b407538d,Drill Out Screws,ADDON,REPAIR,18.80,false,,,
a131ea27-50d2-438a-bf1c-93ac34a22f42,Nose Pads: Adjustable Pads/Arms for Zyl Frame,ADDON,REPAIR,16.60,false,,,
e7f14339-cc21-45a8-8edc-824bd95b2b2f,Temple Covers (Supply & Mount),ADDON,REPAIR,13.40,false,,,
6c748bcf-1344-4302-aabc-4c3e07f632c2,Re-Shape Metal Frame,LENS,REPAIR,56.40,false,,,
c0fcdf7a-28ed-44ec-949d-ed7631277f41,Regular Freight (FOB Shipping Point),ADDON,SHIPPING,3.88,false,,,
