run_id,run_type,run_date,carrier,customer_name,document_id,field_name,field_category,expected_value,extracted_value,database_value,generated_price,status,mismatch_type,confidence_score,verified_by,verified_at,audit_notes
cmkya726u0000jpsd6o5ix6xi,full-pipeline,2026-01-28,VSP,"Susan McCrae",,examCopay,copay,15,,15,,PASS,,,,,""
cmkya726u0000jpsd6o5ix6xi,full-pipeline,2026-01-28,VSP,"Susan McCrae",,materialsCopay,copay,25,,25,,PASS,,,,,""
cmkya726u0000jpsd6o5ix6xi,full-pipeline,2026-01-28,VSP,"Susan McCrae",,frameAllowance,allowance,150,,150,,PASS,,,,,""
cmkya726u0000jpsd6o5ix6xi,full-pipeline,2026-01-28,VSP,"Susan McCrae",,clExamCopay,copay,60,,60,,PASS,,,,,""
cmkya726u0000jpsd6o5ix6xi,full-pipeline,2026-01-28,VSP,"Susan McCrae",,KA,matrix,0,,0,,PASS,,,,,""
cmkya726u0000jpsd6o5ix6xi,full-pipeline,2026-01-28,VSP,"Susan McCrae",,JA,matrix,95,,95,,PASS,,,,,""
cmkya726u0000jpsd6o5ix6xi,full-pipeline,2026-01-28,VSP,"Susan McCrae",,FA,matrix,105,,105,,PASS,,,,,""
cmkya726u0000jpsd6o5ix6xi,full-pipeline,2026-01-28,VSP,"Susan McCrae",,OA,matrix,150,,150,,PASS,,,,,""
cmkya726u0000jpsd6o5ix6xi,full-pipeline,2026-01-28,VSP,"Susan McCrae",,NA,matrix,175,,175,,PASS,,,,,""
cmkya726u0000jpsd6o5ix6xi,full-pipeline,2026-01-28,VSP,"Susan McCrae",,KD,matrix,35,,35,,PASS,,,,,""
cmkya726u0000jpsd6o5ix6xi,full-pipeline,2026-01-28,VSP,"Susan McCrae",,JD,matrix,35,,35,,PASS,,,,,""
cmkya726u0000jpsd6o5ix6xi,full-pipeline,2026-01-28,VSP,"Susan McCrae",,FD,matrix,35,,35,,PASS,,,,,""
cmkya726u0000jpsd6o5ix6xi,full-pipeline,2026-01-28,VSP,"Susan McCrae",,OD,matrix,35,,35,,PASS,,,,,""
cmkya726u0000jpsd6o5ix6xi,full-pipeline,2026-01-28,VSP,"Susan McCrae",,ND,matrix,35,,35,,PASS,,,,,""
cmkya726u0000jpsd6o5ix6xi,full-pipeline,2026-01-28,VSP,"Susan McCrae",,KH,matrix,78,,78,,PASS,,,,,""
cmkya726u0000jpsd6o5ix6xi,full-pipeline,2026-01-28,VSP,"Susan McCrae",,JH,matrix,78,,78,,PASS,,,,,""
cmkya726u0000jpsd6o5ix6xi,full-pipeline,2026-01-28,VSP,"Susan McCrae",,FH,matrix,78,,78,,PASS,,,,,""
cmkya726u0000jpsd6o5ix6xi,full-pipeline,2026-01-28,VSP,"Susan McCrae",,OH,matrix,78,,78,,PASS,,,,,""
cmkya726u0000jpsd6o5ix6xi,full-pipeline,2026-01-28,VSP,"Susan McCrae",,NH,matrix,78,,78,,PASS,,,,,""
cmkya726u0000jpsd6o5ix6xi,full-pipeline,2026-01-28,VSP,"Susan McCrae",,KJ,matrix,125,,125,,PASS,,,,,""
cmkya726u0000jpsd6o5ix6xi,full-pipeline,2026-01-28,VSP,"Susan McCrae",,JJ,matrix,125,,125,,PASS,,,,,""
cmkya726u0000jpsd6o5ix6xi,full-pipeline,2026-01-28,VSP,"Susan McCrae",,FJ,matrix,125,,125,,PASS,,,,,""
cmkya726u0000jpsd6o5ix6xi,full-pipeline,2026-01-28,VSP,"Susan McCrae",,OJ,matrix,125,,125,,PASS,,,,,""
cmkya726u0000jpsd6o5ix6xi,full-pipeline,2026-01-28,VSP,"Susan McCrae",,NJ,matrix,125,,125,,PASS,,,,,""
cmkya726u0000jpsd6o5ix6xi,full-pipeline,2026-01-28,VSP,"Susan McCrae",,QM,flat_addon,41,,41,,PASS,,,,,""
cmkya726u0000jpsd6o5ix6xi,full-pipeline,2026-01-28,VSP,"Susan McCrae",,QT,flat_addon,68,,68,,PASS,,,,,""
cmkya726u0000jpsd6o5ix6xi,full-pipeline,2026-01-28,VSP,"Susan McCrae",,QV,flat_addon,85,,85,,PASS,,,,,""
cmkya726u0000jpsd6o5ix6xi,full-pipeline,2026-01-28,VSP,"Susan McCrae",,PR,flat_addon,75,,75,,PASS,,,,,""
cmkya726u0000jpsd6o5ix6xi,full-pipeline,2026-01-28,VSP,"Susan McCrae",,LF,flat_addon,15,,15,,PASS,,,,,""
cmkya726u0000jpsd6o5ix6xi,full-pipeline,2026-01-28,VSP,"Susan McCrae",,DA,flat_addon,77,,77,,PASS,,,,,""
cmkya726u0000jpsd6o5ix6xi,full-pipeline,2026-01-28,VSP,"Susan McCrae",,DA_sv,flat_addon,57,,57,,PASS,,,,,""
cmkya726u0000jpsd6o5ix6xi,full-pipeline,2026-01-28,VSP,"Susan McCrae",,TA,flat_addon,40,,40,,PASS,,,,,""
cmkya726u0000jpsd6o5ix6xi,full-pipeline,2026-01-28,VSP,"Susan McCrae",,SW,flat_addon,30,,30,,PASS,,,,,""
cmkya726u0000jpsd6o5ix6xi,full-pipeline,2026-01-28,VSP,"Susan McCrae",,examCopay,copay,15,,15,,PASS,,,,,""
cmkya726u0000jpsd6o5ix6xi,full-pipeline,2026-01-28,VSP,"Susan McCrae",,materialsCopay,copay,25,,25,,PASS,,,,,""
cmkya726u0000jpsd6o5ix6xi,full-pipeline,2026-01-28,VSP,"Susan McCrae",,frameAllowance,allowance,150,,150,,PASS,,,,,""
cmkya726u0000jpsd6o5ix6xi,full-pipeline,2026-01-28,VSP,"Susan McCrae",,clExamCopay,copay,60,,60,,PASS,,,,,""
cmkya726u0000jpsd6o5ix6xi,full-pipeline,2026-01-28,VSP,"Susan McCrae",,KA,matrix,0,,0,,PASS,,,,,""
cmkya726u0000jpsd6o5ix6xi,full-pipeline,2026-01-28,VSP,"Susan McCrae",,JA,matrix,95,,95,,PASS,,,,,""
cmkya726u0000jpsd6o5ix6xi,full-pipeline,2026-01-28,VSP,"Susan McCrae",,FA,matrix,105,,105,,PASS,,,,,""
cmkya726u0000jpsd6o5ix6xi,full-pipeline,2026-01-28,VSP,"Susan McCrae",,OA,matrix,150,,150,,PASS,,,,,""
cmkya726u0000jpsd6o5ix6xi,full-pipeline,2026-01-28,VSP,"Susan McCrae",,NA,matrix,175,,175,,PASS,,,,,""
cmkya726u0000jpsd6o5ix6xi,full-pipeline,2026-01-28,VSP,"Susan McCrae",,KD,matrix,35,,35,,PASS,,,,,""
cmkya726u0000jpsd6o5ix6xi,full-pipeline,2026-01-28,VSP,"Susan McCrae",,JD,matrix,35,,35,,PASS,,,,,""
cmkya726u0000jpsd6o5ix6xi,full-pipeline,2026-01-28,VSP,"Susan McCrae",,FD,matrix,35,,35,,PASS,,,,,""
cmkya726u0000jpsd6o5ix6xi,full-pipeline,2026-01-28,VSP,"Susan McCrae",,OD,matrix,35,,35,,PASS,,,,,""
cmkya726u0000jpsd6o5ix6xi,full-pipeline,2026-01-28,VSP,"Susan McCrae",,ND,matrix,35,,35,,PASS,,,,,""
cmkya726u0000jpsd6o5ix6xi,full-pipeline,2026-01-28,VSP,"Susan McCrae",,KH,matrix,78,,78,,PASS,,,,,""
cmkya726u0000jpsd6o5ix6xi,full-pipeline,2026-01-28,VSP,"Susan McCrae",,JH,matrix,78,,78,,PASS,,,,,""
cmkya726u0000jpsd6o5ix6xi,full-pipeline,2026-01-28,VSP,"Susan McCrae",,FH,matrix,78,,78,,PASS,,,,,""
cmkya726u0000jpsd6o5ix6xi,full-pipeline,2026-01-28,VSP,"Susan McCrae",,OH,matrix,78,,78,,PASS,,,,,""
cmkya726u0000jpsd6o5ix6xi,full-pipeline,2026-01-28,VSP,"Susan McCrae",,NH,matrix,78,,78,,PASS,,,,,""
cmkya726u0000jpsd6o5ix6xi,full-pipeline,2026-01-28,VSP,"Susan McCrae",,KJ,matrix,125,,125,,PASS,,,,,""
cmkya726u0000jpsd6o5ix6xi,full-pipeline,2026-01-28,VSP,"Susan McCrae",,JJ,matrix,125,,125,,PASS,,,,,""
cmkya726u0000jpsd6o5ix6xi,full-pipeline,2026-01-28,VSP,"Susan McCrae",,FJ,matrix,125,,125,,PASS,,,,,""
cmkya726u0000jpsd6o5ix6xi,full-pipeline,2026-01-28,VSP,"Susan McCrae",,OJ,matrix,125,,125,,PASS,,,,,""
cmkya726u0000jpsd6o5ix6xi,full-pipeline,2026-01-28,VSP,"Susan McCrae",,NJ,matrix,125,,125,,PASS,,,,,""
cmkya726u0000jpsd6o5ix6xi,full-pipeline,2026-01-28,VSP,"Susan McCrae",,QM,flat_addon,41,,41,,PASS,,,,,""
cmkya726u0000jpsd6o5ix6xi,full-pipeline,2026-01-28,VSP,"Susan McCrae",,QT,flat_addon,68,,68,,PASS,,,,,""
cmkya726u0000jpsd6o5ix6xi,full-pipeline,2026-01-28,VSP,"Susan McCrae",,QV,flat_addon,85,,85,,PASS,,,,,""
cmkya726u0000jpsd6o5ix6xi,full-pipeline,2026-01-28,VSP,"Susan McCrae",,PR,flat_addon,75,,75,,PASS,,,,,""
cmkya726u0000jpsd6o5ix6xi,full-pipeline,2026-01-28,VSP,"Susan McCrae",,LF,flat_addon,15,,15,,PASS,,,,,""
cmkya726u0000jpsd6o5ix6xi,full-pipeline,2026-01-28,VSP,"Susan McCrae",,DA,flat_addon,77,,77,,PASS,,,,,""
cmkya726u0000jpsd6o5ix6xi,full-pipeline,2026-01-28,VSP,"Susan McCrae",,DA_sv,flat_addon,57,,57,,PASS,,,,,""
cmkya726u0000jpsd6o5ix6xi,full-pipeline,2026-01-28,VSP,"Susan McCrae",,TA,flat_addon,40,,40,,PASS,,,,,""
cmkya726u0000jpsd6o5ix6xi,full-pipeline,2026-01-28,VSP,"Susan McCrae",,SW,flat_addon,30,,30,,PASS,,,,,""
cmkya726u0000jpsd6o5ix6xi,full-pipeline,2026-01-28,VSP,"Susan McCrae",,examCopay,copay,15,,15,,PASS,,,,,""
cmkya726u0000jpsd6o5ix6xi,full-pipeline,2026-01-28,VSP,"Susan McCrae",,materialsCopay,copay,25,,25,,PASS,,,,,""
cmkya726u0000jpsd6o5ix6xi,full-pipeline,2026-01-28,VSP,"Susan McCrae",,frameAllowance,allowance,150,,,,WARNING,null_value,,,,""
cmkya726u0000jpsd6o5ix6xi,full-pipeline,2026-01-28,VSP,"Susan McCrae",,clExamCopay,copay,60,,60,,PASS,,,,,""
cmkya726u0000jpsd6o5ix6xi,full-pipeline,2026-01-28,VSP,"Susan McCrae",,KA,matrix,0,,0,,PASS,,,,,""
cmkya726u0000jpsd6o5ix6xi,full-pipeline,2026-01-28,VSP,"Susan McCrae",,JA,matrix,95,,95,,PASS,,,,,""
cmkya726u0000jpsd6o5ix6xi,full-pipeline,2026-01-28,VSP,"Susan McCrae",,FA,matrix,105,,105,,PASS,,,,,""
cmkya726u0000jpsd6o5ix6xi,full-pipeline,2026-01-28,VSP,"Susan McCrae",,OA,matrix,150,,150,,PASS,,,,,""
cmkya726u0000jpsd6o5ix6xi,full-pipeline,2026-01-28,VSP,"Susan McCrae",,NA,matrix,175,,175,,PASS,,,,,""
cmkya726u0000jpsd6o5ix6xi,full-pipeline,2026-01-28,VSP,"Susan McCrae",,KD,matrix,35,,,,WARNING,null_value,,,,""
cmkya726u0000jpsd6o5ix6xi,full-pipeline,2026-01-28,VSP,"Susan McCrae",,JD,matrix,35,,,,WARNING,null_value,,,,""
cmkya726u0000jpsd6o5ix6xi,full-pipeline,2026-01-28,VSP,"Susan McCrae",,FD,matrix,35,,,,WARNING,null_value,,,,""
cmkya726u0000jpsd6o5ix6xi,full-pipeline,2026-01-28,VSP,"Susan McCrae",,OD,matrix,35,,,,WARNING,null_value,,,,""
cmkya726u0000jpsd6o5ix6xi,full-pipeline,2026-01-28,VSP,"Susan McCrae",,ND,matrix,35,,,,WARNING,null_value,,,,""
cmkya726u0000jpsd6o5ix6xi,full-pipeline,2026-01-28,VSP,"Susan McCrae",,KH,matrix,78,,,,WARNING,null_value,,,,""
cmkya726u0000jpsd6o5ix6xi,full-pipeline,2026-01-28,VSP,"Susan McCrae",,JH,matrix,78,,,,WARNING,null_value,,,,""
cmkya726u0000jpsd6o5ix6xi,full-pipeline,2026-01-28,VSP,"Susan McCrae",,FH,matrix,78,,,,WARNING,null_value,,,,""
cmkya726u0000jpsd6o5ix6xi,full-pipeline,2026-01-28,VSP,"Susan McCrae",,OH,matrix,78,,,,WARNING,null_value,,,,""
cmkya726u0000jpsd6o5ix6xi,full-pipeline,2026-01-28,VSP,"Susan McCrae",,NH,matrix,78,,,,WARNING,null_value,,,,""
cmkya726u0000jpsd6o5ix6xi,full-pipeline,2026-01-28,VSP,"Susan McCrae",,KJ,matrix,125,,,,WARNING,null_value,,,,""
cmkya726u0000jpsd6o5ix6xi,full-pipeline,2026-01-28,VSP,"Susan McCrae",,JJ,matrix,125,,,,WARNING,null_value,,,,""
cmkya726u0000jpsd6o5ix6xi,full-pipeline,2026-01-28,VSP,"Susan McCrae",,FJ,matrix,125,,,,WARNING,null_value,,,,""
cmkya726u0000jpsd6o5ix6xi,full-pipeline,2026-01-28,VSP,"Susan McCrae",,OJ,matrix,125,,,,WARNING,null_value,,,,""
cmkya726u0000jpsd6o5ix6xi,full-pipeline,2026-01-28,VSP,"Susan McCrae",,NJ,matrix,125,,,,WARNING,null_value,,,,""
cmkya726u0000jpsd6o5ix6xi,full-pipeline,2026-01-28,VSP,"Susan McCrae",,QM,flat_addon,41,,41,,PASS,,,,,""
cmkya726u0000jpsd6o5ix6xi,full-pipeline,2026-01-28,VSP,"Susan McCrae",,QT,flat_addon,68,,68,,PASS,,,,,""
cmkya726u0000jpsd6o5ix6xi,full-pipeline,2026-01-28,VSP,"Susan McCrae",,QV,flat_addon,85,,85,,PASS,,,,,""
cmkya726u0000jpsd6o5ix6xi,full-pipeline,2026-01-28,VSP,"Susan McCrae",,PR,flat_addon,75,,75,,PASS,,,,,""
cmkya726u0000jpsd6o5ix6xi,full-pipeline,2026-01-28,VSP,"Susan McCrae",,LF,flat_addon,15,,15,,PASS,,,,,""
cmkya726u0000jpsd6o5ix6xi,full-pipeline,2026-01-28,VSP,"Susan McCrae",,DA,flat_addon,77,,77,,PASS,,,,,""
cmkya726u0000jpsd6o5ix6xi,full-pipeline,2026-01-28,VSP,"Susan McCrae",,DA_sv,flat_addon,57,,57,,PASS,,,,,""
cmkya726u0000jpsd6o5ix6xi,full-pipeline,2026-01-28,VSP,"Susan McCrae",,TA,flat_addon,40,,40,,PASS,,,,,""
cmkya726u0000jpsd6o5ix6xi,full-pipeline,2026-01-28,VSP,"Susan McCrae",,SW,flat_addon,30,,,,WARNING,null_value,,,,""
cmkya726u0000jpsd6o5ix6xi,full-pipeline,2026-01-28,VSP,"Susan McCrae",,examCopay,copay,15,,15,,PASS,,,,,""
cmkya726u0000jpsd6o5ix6xi,full-pipeline,2026-01-28,VSP,"Susan McCrae",,materialsCopay,copay,25,,25,,PASS,,,,,""
cmkya726u0000jpsd6o5ix6xi,full-pipeline,2026-01-28,VSP,"Susan McCrae",,frameAllowance,allowance,150,,150,,PASS,,,,,""
cmkya726u0000jpsd6o5ix6xi,full-pipeline,2026-01-28,VSP,"Susan McCrae",,clExamCopay,copay,60,,60,,PASS,,,,,""
cmkya726u0000jpsd6o5ix6xi,full-pipeline,2026-01-28,VSP,"Susan McCrae",,KA,matrix,0,,0,,PASS,,,,,""
cmkya726u0000jpsd6o5ix6xi,full-pipeline,2026-01-28,VSP,"Susan McCrae",,JA,matrix,95,,95,,PASS,,,,,""
cmkya726u0000jpsd6o5ix6xi,full-pipeline,2026-01-28,VSP,"Susan McCrae",,FA,matrix,105,,105,,PASS,,,,,""
cmkya726u0000jpsd6o5ix6xi,full-pipeline,2026-01-28,VSP,"Susan McCrae",,OA,matrix,150,,150,,PASS,,,,,""
cmkya726u0000jpsd6o5ix6xi,full-pipeline,2026-01-28,VSP,"Susan McCrae",,NA,matrix,175,,175,,PASS,,,,,""
cmkya726u0000jpsd6o5ix6xi,full-pipeline,2026-01-28,VSP,"Susan McCrae",,KD,matrix,35,,,,WARNING,null_value,,,,""
cmkya726u0000jpsd6o5ix6xi,full-pipeline,2026-01-28,VSP,"Susan McCrae",,JD,matrix,35,,,,WARNING,null_value,,,,""
cmkya726u0000jpsd6o5ix6xi,full-pipeline,2026-01-28,VSP,"Susan McCrae",,FD,matrix,35,,,,WARNING,null_value,,,,""
cmkya726u0000jpsd6o5ix6xi,full-pipeline,2026-01-28,VSP,"Susan McCrae",,OD,matrix,35,,,,WARNING,null_value,,,,""
cmkya726u0000jpsd6o5ix6xi,full-pipeline,2026-01-28,VSP,"Susan McCrae",,ND,matrix,35,,,,WARNING,null_value,,,,""
cmkya726u0000jpsd6o5ix6xi,full-pipeline,2026-01-28,VSP,"Susan McCrae",,KH,matrix,78,,,,WARNING,null_value,,,,""
cmkya726u0000jpsd6o5ix6xi,full-pipeline,2026-01-28,VSP,"Susan McCrae",,JH,matrix,78,,,,WARNING,null_value,,,,""
cmkya726u0000jpsd6o5ix6xi,full-pipeline,2026-01-28,VSP,"Susan McCrae",,FH,matrix,78,,,,WARNING,null_value,,,,""
cmkya726u0000jpsd6o5ix6xi,full-pipeline,2026-01-28,VSP,"Susan McCrae",,OH,matrix,78,,,,WARNING,null_value,,,,""
cmkya726u0000jpsd6o5ix6xi,full-pipeline,2026-01-28,VSP,"Susan McCrae",,NH,matrix,78,,,,WARNING,null_value,,,,""
cmkya726u0000jpsd6o5ix6xi,full-pipeline,2026-01-28,VSP,"Susan McCrae",,KJ,matrix,125,,,,WARNING,null_value,,,,""
cmkya726u0000jpsd6o5ix6xi,full-pipeline,2026-01-28,VSP,"Susan McCrae",,JJ,matrix,125,,,,WARNING,null_value,,,,""
cmkya726u0000jpsd6o5ix6xi,full-pipeline,2026-01-28,VSP,"Susan McCrae",,FJ,matrix,125,,,,WARNING,null_value,,,,""
cmkya726u0000jpsd6o5ix6xi,full-pipeline,2026-01-28,VSP,"Susan McCrae",,OJ,matrix,125,,,,WARNING,null_value,,,,""
cmkya726u0000jpsd6o5ix6xi,full-pipeline,2026-01-28,VSP,"Susan McCrae",,NJ,matrix,125,,,,WARNING,null_value,,,,""
cmkya726u0000jpsd6o5ix6xi,full-pipeline,2026-01-28,VSP,"Susan McCrae",,QM,flat_addon,41,,41,,PASS,,,,,""
cmkya726u0000jpsd6o5ix6xi,full-pipeline,2026-01-28,VSP,"Susan McCrae",,QT,flat_addon,68,,68,,PASS,,,,,""
cmkya726u0000jpsd6o5ix6xi,full-pipeline,2026-01-28,VSP,"Susan McCrae",,QV,flat_addon,85,,85,,PASS,,,,,""
cmkya726u0000jpsd6o5ix6xi,full-pipeline,2026-01-28,VSP,"Susan McCrae",,PR,flat_addon,75,,75,,PASS,,,,,""
cmkya726u0000jpsd6o5ix6xi,full-pipeline,2026-01-28,VSP,"Susan McCrae",,LF,flat_addon,15,,15,,PASS,,,,,""
cmkya726u0000jpsd6o5ix6xi,full-pipeline,2026-01-28,VSP,"Susan McCrae",,DA,flat_addon,77,,77,,PASS,,,,,""
cmkya726u0000jpsd6o5ix6xi,full-pipeline,2026-01-28,VSP,"Susan McCrae",,DA_sv,flat_addon,57,,57,,PASS,,,,,""
cmkya726u0000jpsd6o5ix6xi,full-pipeline,2026-01-28,VSP,"Susan McCrae",,TA,flat_addon,40,,40,,PASS,,,,,""
cmkya726u0000jpsd6o5ix6xi,full-pipeline,2026-01-28,VSP,"Susan McCrae",,SW,flat_addon,30,,30,,PASS,,,,,""
cmkya726u0000jpsd6o5ix6xi,full-pipeline,2026-01-28,VSP,"Susan McCrae",,examCopay,copay,15,,15,,PASS,,,,,""
cmkya726u0000jpsd6o5ix6xi,full-pipeline,2026-01-28,VSP,"Susan McCrae",,materialsCopay,copay,25,,25,,PASS,,,,,""
cmkya726u0000jpsd6o5ix6xi,full-pipeline,2026-01-28,VSP,"Susan McCrae",,frameAllowance,allowance,150,,150,,PASS,,,,,""
cmkya726u0000jpsd6o5ix6xi,full-pipeline,2026-01-28,VSP,"Susan McCrae",,clExamCopay,copay,60,,60,,PASS,,,,,""
cmkya726u0000jpsd6o5ix6xi,full-pipeline,2026-01-28,VSP,"Susan McCrae",,KA,matrix,0,,0,,PASS,,,,,""
cmkya726u0000jpsd6o5ix6xi,full-pipeline,2026-01-28,VSP,"Susan McCrae",,JA,matrix,95,,95,,PASS,,,,,""
cmkya726u0000jpsd6o5ix6xi,full-pipeline,2026-01-28,VSP,"Susan McCrae",,FA,matrix,105,,105,,PASS,,,,,""
cmkya726u0000jpsd6o5ix6xi,full-pipeline,2026-01-28,VSP,"Susan McCrae",,OA,matrix,150,,150,,PASS,,,,,""
cmkya726u0000jpsd6o5ix6xi,full-pipeline,2026-01-28,VSP,"Susan McCrae",,NA,matrix,175,,175,,PASS,,,,,""
cmkya726u0000jpsd6o5ix6xi,full-pipeline,2026-01-28,VSP,"Susan McCrae",,KD,matrix,35,,35,,PASS,,,,,""
cmkya726u0000jpsd6o5ix6xi,full-pipeline,2026-01-28,VSP,"Susan McCrae",,JD,matrix,35,,35,,PASS,,,,,""
cmkya726u0000jpsd6o5ix6xi,full-pipeline,2026-01-28,VSP,"Susan McCrae",,FD,matrix,35,,35,,PASS,,,,,""
cmkya726u0000jpsd6o5ix6xi,full-pipeline,2026-01-28,VSP,"Susan McCrae",,OD,matrix,35,,35,,PASS,,,,,""
cmkya726u0000jpsd6o5ix6xi,full-pipeline,2026-01-28,VSP,"Susan McCrae",,ND,matrix,35,,35,,PASS,,,,,""
cmkya726u0000jpsd6o5ix6xi,full-pipeline,2026-01-28,VSP,"Susan McCrae",,KH,matrix,78,,78,,PASS,,,,,""
cmkya726u0000jpsd6o5ix6xi,full-pipeline,2026-01-28,VSP,"Susan McCrae",,JH,matrix,78,,78,,PASS,,,,,""
cmkya726u0000jpsd6o5ix6xi,full-pipeline,2026-01-28,VSP,"Susan McCrae",,FH,matrix,78,,78,,PASS,,,,,""
cmkya726u0000jpsd6o5ix6xi,full-pipeline,2026-01-28,VSP,"Susan McCrae",,OH,matrix,78,,78,,PASS,,,,,""
cmkya726u0000jpsd6o5ix6xi,full-pipeline,2026-01-28,VSP,"Susan McCrae",,NH,matrix,78,,78,,PASS,,,,,""
cmkya726u0000jpsd6o5ix6xi,full-pipeline,2026-01-28,VSP,"Susan McCrae",,KJ,matrix,125,,125,,PASS,,,,,""
cmkya726u0000jpsd6o5ix6xi,full-pipeline,2026-01-28,VSP,"Susan McCrae",,JJ,matrix,125,,125,,PASS,,,,,""
cmkya726u0000jpsd6o5ix6xi,full-pipeline,2026-01-28,VSP,"Susan McCrae",,FJ,matrix,125,,125,,PASS,,,,,""
cmkya726u0000jpsd6o5ix6xi,full-pipeline,2026-01-28,VSP,"Susan McCrae",,OJ,matrix,125,,125,,PASS,,,,,""
cmkya726u0000jpsd6o5ix6xi,full-pipeline,2026-01-28,VSP,"Susan McCrae",,NJ,matrix,125,,125,,PASS,,,,,""
cmkya726u0000jpsd6o5ix6xi,full-pipeline,2026-01-28,VSP,"Susan McCrae",,QM,flat_addon,41,,41,,PASS,,,,,""
cmkya726u0000jpsd6o5ix6xi,full-pipeline,2026-01-28,VSP,"Susan McCrae",,QT,flat_addon,68,,68,,PASS,,,,,""
cmkya726u0000jpsd6o5ix6xi,full-pipeline,2026-01-28,VSP,"Susan McCrae",,QV,flat_addon,85,,85,,PASS,,,,,""
cmkya726u0000jpsd6o5ix6xi,full-pipeline,2026-01-28,VSP,"Susan McCrae",,PR,flat_addon,75,,75,,PASS,,,,,""
cmkya726u0000jpsd6o5ix6xi,full-pipeline,2026-01-28,VSP,"Susan McCrae",,LF,flat_addon,15,,15,,PASS,,,,,""
cmkya726u0000jpsd6o5ix6xi,full-pipeline,2026-01-28,VSP,"Susan McCrae",,DA,flat_addon,77,,77,,PASS,,,,,""
cmkya726u0000jpsd6o5ix6xi,full-pipeline,2026-01-28,VSP,"Susan McCrae",,DA_sv,flat_addon,57,,57,,PASS,,,,,""
cmkya726u0000jpsd6o5ix6xi,full-pipeline,2026-01-28,VSP,"Susan McCrae",,TA,flat_addon,40,,40,,PASS,,,,,""
cmkya726u0000jpsd6o5ix6xi,full-pipeline,2026-01-28,VSP,"Susan McCrae",,SW,flat_addon,30,,30,,PASS,,,,,""
cmkya726u0000jpsd6o5ix6xi,full-pipeline,2026-01-28,VSP,"Tyler Richards",,examCopay,copay,10,,10,,PASS,,,,,""
cmkya726u0000jpsd6o5ix6xi,full-pipeline,2026-01-28,VSP,"Tyler Richards",,materialsCopay,copay,10,,10,,PASS,,,,,""
cmkya726u0000jpsd6o5ix6xi,full-pipeline,2026-01-28,VSP,"Tyler Richards",,frameAllowance,allowance,120,,120,,PASS,,,,,""
cmkya726u0000jpsd6o5ix6xi,full-pipeline,2026-01-28,VSP,"Tyler Richards",,KA,matrix,55,,55,,PASS,,,,,""
cmkya726u0000jpsd6o5ix6xi,full-pipeline,2026-01-28,VSP,"Tyler Richards",,JA,matrix,95,,95,,PASS,,,,,""
cmkya726u0000jpsd6o5ix6xi,full-pipeline,2026-01-28,VSP,"Tyler Richards",,FA,matrix,105,,105,,PASS,,,,,""
cmkya726u0000jpsd6o5ix6xi,full-pipeline,2026-01-28,VSP,"Tyler Richards",,OA,matrix,150,,150,,PASS,,,,,""
cmkya726u0000jpsd6o5ix6xi,full-pipeline,2026-01-28,VSP,"Tyler Richards",,NA,matrix,175,,175,,PASS,,,,,""
cmkya726u0000jpsd6o5ix6xi,full-pipeline,2026-01-28,VSP,"Tyler Richards",,KE,matrix,80,,80,,PASS,,,,,""
cmkya726u0000jpsd6o5ix6xi,full-pipeline,2026-01-28,VSP,"Tyler Richards",,QM,flat_addon,41,,41,,PASS,,,,,""
cmkya726u0000jpsd6o5ix6xi,full-pipeline,2026-01-28,VSP,"Tyler Richards",,QT,flat_addon,68,,68,,PASS,,,,,""
cmkya726u0000jpsd6o5ix6xi,full-pipeline,2026-01-28,VSP,"Tyler Richards",,QV,flat_addon,85,,85,,PASS,,,,,""
cmkya726u0000jpsd6o5ix6xi,full-pipeline,2026-01-28,VSP,"Tyler Richards",,PR,flat_addon,75,,75,,PASS,,,,,""
cmkya726u0000jpsd6o5ix6xi,full-pipeline,2026-01-28,VSP,"Tyler Richards",,DA,flat_addon,77,,77,,PASS,,,,,""
cmkya726u0000jpsd6o5ix6xi,full-pipeline,2026-01-28,VSP,"Tyler Richards",,DA_sv,flat_addon,57,,57,,PASS,,,,,""
cmkya726u0000jpsd6o5ix6xi,full-pipeline,2026-01-28,VSP,"Tyler Richards",,TA,flat_addon,40,,,,WARNING,null_value,,,,""
cmkya726u0000jpsd6o5ix6xi,full-pipeline,2026-01-28,VSP,"Tyler Richards",,SW,flat_addon,30,,30,,PASS,,,,,""
cmkya726u0000jpsd6o5ix6xi,full-pipeline,2026-01-28,VSP,"Tyler Richards",,SV,flat_addon,0,,0,,PASS,,,,,""
cmkya726u0000jpsd6o5ix6xi,full-pipeline,2026-01-28,VSP,"Tyler Richards",,BV,flat_addon,0,,0,,PASS,,,,,""
cmkya726u0000jpsd6o5ix6xi,full-pipeline,2026-01-28,VSP,"Sarah Rivera",,examCopay,copay,0,,0,,PASS,,,,,""
cmkya726u0000jpsd6o5ix6xi,full-pipeline,2026-01-28,VSP,"Sarah Rivera",,materialsCopay,copay,10,,10,,PASS,,,,,""
cmkya726u0000jpsd6o5ix6xi,full-pipeline,2026-01-28,VSP,"Sarah Rivera",,frameAllowance,allowance,155,,155,,PASS,,,,,""
cmkya726u0000jpsd6o5ix6xi,full-pipeline,2026-01-28,VSP,"Sarah Rivera",,KA,matrix,0,,0,,PASS,,,,,""
cmkya726u0000jpsd6o5ix6xi,full-pipeline,2026-01-28,VSP,"Sarah Rivera",,JA,matrix,0,,0,,PASS,,,,,""
cmkya726u0000jpsd6o5ix6xi,full-pipeline,2026-01-28,VSP,"Sarah Rivera",,FA,matrix,0,,0,,PASS,,,,,""
cmkya726u0000jpsd6o5ix6xi,full-pipeline,2026-01-28,VSP,"Sarah Rivera",,OA,matrix,0,,0,,PASS,,,,,""
cmkya726u0000jpsd6o5ix6xi,full-pipeline,2026-01-28,VSP,"Sarah Rivera",,NA,matrix,0,,0,,PASS,,,,,""
cmkya726u0000jpsd6o5ix6xi,full-pipeline,2026-01-28,VSP,"Sarah Rivera",,AA,matrix,28,,28,,PASS,,,,,""
cmkya726u0000jpsd6o5ix6xi,full-pipeline,2026-01-28,VSP,"Sarah Rivera",,AH,matrix,90,,90,,PASS,,,,,""
cmkya726u0000jpsd6o5ix6xi,full-pipeline,2026-01-28,VSP,"Sarah Rivera",,AJ,matrix,110,,110,,PASS,,,,,""
cmkya726u0000jpsd6o5ix6xi,full-pipeline,2026-01-28,VSP,"Sarah Rivera",,QM,flat_addon,0,,0,,PASS,,,,,""
cmkya726u0000jpsd6o5ix6xi,full-pipeline,2026-01-28,VSP,"Sarah Rivera",,QT,flat_addon,0,,0,,PASS,,,,,""
cmkya726u0000jpsd6o5ix6xi,full-pipeline,2026-01-28,VSP,"Sarah Rivera",,QV,flat_addon,0,,0,,PASS,,,,,""
cmkya726u0000jpsd6o5ix6xi,full-pipeline,2026-01-28,VSP,"Sarah Rivera",,PR,flat_addon,70,,70,,PASS,,,,,""
cmkya726u0000jpsd6o5ix6xi,full-pipeline,2026-01-28,VSP,"Sarah Rivera",,LF,flat_addon,15,,15,,PASS,,,,,""
cmkya726u0000jpsd6o5ix6xi,full-pipeline,2026-01-28,VSP,"Sarah Rivera",,DA,flat_addon,71,,71,,PASS,,,,,""
cmkya726u0000jpsd6o5ix6xi,full-pipeline,2026-01-28,VSP,"Sarah Rivera",,DA_sv,flat_addon,53,,53,,PASS,,,,,""
cmkya726u0000jpsd6o5ix6xi,full-pipeline,2026-01-28,VSP,"Sarah Rivera",,SW,flat_addon,30,,30,,PASS,,,,,""
cmkya726u0000jpsd6o5ix6xi,full-pipeline,2026-01-28,VSP,"Sarah Rivera",,SV,flat_addon,0,,0,,PASS,,,,,""
cmkya726u0000jpsd6o5ix6xi,full-pipeline,2026-01-28,VSP,"Sarah Rivera",,BV,flat_addon,0,,0,,PASS,,,,,""
cmkya726u0000jpsd6o5ix6xi,full-pipeline,2026-01-28,VSP,"Maritza Kuzian",,examCopay,copay,15,,15,,PASS,,,,,""
cmkya726u0000jpsd6o5ix6xi,full-pipeline,2026-01-28,VSP,"Maritza Kuzian",,materialsCopay,copay,25,,25,,PASS,,,,,""
cmkya726u0000jpsd6o5ix6xi,full-pipeline,2026-01-28,VSP,"Maritza Kuzian",,frameAllowance,allowance,230,,230,,PASS,,,,,""
cmkya726u0000jpsd6o5ix6xi,full-pipeline,2026-01-28,VSP,"Maritza Kuzian",,KA,matrix,0,,0,,PASS,,,,,""
cmkya726u0000jpsd6o5ix6xi,full-pipeline,2026-01-28,VSP,"Maritza Kuzian",,JA,matrix,0,,0,,PASS,,,,,""
cmkya726u0000jpsd6o5ix6xi,full-pipeline,2026-01-28,VSP,"Maritza Kuzian",,FA,matrix,0,,0,,PASS,,,,,""
cmkya726u0000jpsd6o5ix6xi,full-pipeline,2026-01-28,VSP,"Maritza Kuzian",,OA,matrix,0,,0,,PASS,,,,,""
cmkya726u0000jpsd6o5ix6xi,full-pipeline,2026-01-28,VSP,"Maritza Kuzian",,NA,matrix,0,,0,,PASS,,,,,""
cmkya726u0000jpsd6o5ix6xi,full-pipeline,2026-01-28,VSP,"Maritza Kuzian",,AA,matrix,35,,35,,PASS,,,,,""
cmkya726u0000jpsd6o5ix6xi,full-pipeline,2026-01-28,VSP,"Maritza Kuzian",,AH,matrix,98,,98,,PASS,,,,,""
cmkya726u0000jpsd6o5ix6xi,full-pipeline,2026-01-28,VSP,"Maritza Kuzian",,AJ,matrix,118,,118,,PASS,,,,,""
cmkya726u0000jpsd6o5ix6xi,full-pipeline,2026-01-28,VSP,"Maritza Kuzian",,QM,flat_addon,41,,41,,PASS,,,,,""
cmkya726u0000jpsd6o5ix6xi,full-pipeline,2026-01-28,VSP,"Maritza Kuzian",,QT,flat_addon,68,,68,,PASS,,,,,""
cmkya726u0000jpsd6o5ix6xi,full-pipeline,2026-01-28,VSP,"Maritza Kuzian",,QV,flat_addon,85,,85,,PASS,,,,,""
cmkya726u0000jpsd6o5ix6xi,full-pipeline,2026-01-28,VSP,"Maritza Kuzian",,PR,flat_addon,0,,0,,PASS,,,,,""
cmkya726u0000jpsd6o5ix6xi,full-pipeline,2026-01-28,VSP,"Maritza Kuzian",,DA,flat_addon,77,,77,,PASS,,,,,""
cmkya726u0000jpsd6o5ix6xi,full-pipeline,2026-01-28,VSP,"Maritza Kuzian",,DA_sv,flat_addon,57,,57,,PASS,,,,,""
cmkya726u0000jpsd6o5ix6xi,full-pipeline,2026-01-28,VSP,"Maritza Kuzian",,SW,flat_addon,30,,30,,PASS,,,,,""
cmkya726u0000jpsd6o5ix6xi,full-pipeline,2026-01-28,VSP,"Maritza Kuzian",,UV,flat_addon,16,,16,,PASS,,,,,""
cmkya726u0000jpsd6o5ix6xi,full-pipeline,2026-01-28,VSP,"Tamara Carr",,examCopay,copay,10,,10,,PASS,,,,,""
cmkya726u0000jpsd6o5ix6xi,full-pipeline,2026-01-28,VSP,"Tamara Carr",,materialsCopay,copay,25,,25,,PASS,,,,,""
cmkya726u0000jpsd6o5ix6xi,full-pipeline,2026-01-28,VSP,"Tamara Carr",,frameAllowance,allowance,200,,200,,PASS,,,,,""
cmkya726u0000jpsd6o5ix6xi,full-pipeline,2026-01-28,VSP,"Tamara Carr",,KA,matrix,0,,0,,PASS,,,,,""
cmkya726u0000jpsd6o5ix6xi,full-pipeline,2026-01-28,VSP,"Tamara Carr",,JA,matrix,0,,0,,PASS,,,,,""
cmkya726u0000jpsd6o5ix6xi,full-pipeline,2026-01-28,VSP,"Tamara Carr",,FA,matrix,0,,0,,PASS,,,,,""
cmkya726u0000jpsd6o5ix6xi,full-pipeline,2026-01-28,VSP,"Tamara Carr",,OA,matrix,0,,0,,PASS,,,,,""
cmkya726u0000jpsd6o5ix6xi,full-pipeline,2026-01-28,VSP,"Tamara Carr",,NA,matrix,0,,0,,PASS,,,,,""
cmkya726u0000jpsd6o5ix6xi,full-pipeline,2026-01-28,VSP,"Tamara Carr",,AA,matrix,35,,35,,PASS,,,,,""
cmkya726u0000jpsd6o5ix6xi,full-pipeline,2026-01-28,VSP,"Tamara Carr",,AH,matrix,98,,98,,PASS,,,,,""
cmkya726u0000jpsd6o5ix6xi,full-pipeline,2026-01-28,VSP,"Tamara Carr",,AJ,matrix,118,,118,,PASS,,,,,""
cmkya726u0000jpsd6o5ix6xi,full-pipeline,2026-01-28,VSP,"Tamara Carr",,QM,flat_addon,0,,0,,PASS,,,,,""
cmkya726u0000jpsd6o5ix6xi,full-pipeline,2026-01-28,VSP,"Tamara Carr",,QT,flat_addon,0,,0,,PASS,,,,,""
cmkya726u0000jpsd6o5ix6xi,full-pipeline,2026-01-28,VSP,"Tamara Carr",,QV,flat_addon,0,,0,,PASS,,,,,""
cmkya726u0000jpsd6o5ix6xi,full-pipeline,2026-01-28,VSP,"Tamara Carr",,PM,flat_addon,0,,0,,PASS,,,,,""
cmkya726u0000jpsd6o5ix6xi,full-pipeline,2026-01-28,VSP,"Tamara Carr",,PR,flat_addon,0,,0,,PASS,,,,,""
cmkya726u0000jpsd6o5ix6xi,full-pipeline,2026-01-28,VSP,"Tamara Carr",,DA,flat_addon,77,,77,,PASS,,,,,""
cmkya726u0000jpsd6o5ix6xi,full-pipeline,2026-01-28,VSP,"Tamara Carr",,DA_sv,flat_addon,57,,57,,PASS,,,,,""