Product Name,Category,Wholesale,Retail,Multiplier,VSP Code,EyeMed Tier,Spectera Tier
Single Vision,SINGLE_VISION,$26.80,$80.40,3.0,AA,Standard,Standard
Single Vision Aspheric (Eyezen),SINGLE_VISION,$37.84,$113.52,3.0,BA,Standard,Standard
Essilor Anti-Fatigue SV,SINGLE_VISION,$41.12,$123.36,3.0,BA,Standard,Standard
Kodak Digital SV,SINGLE_VISION,$41.42,$124.26,3.0,BA,Standard,Standard
Kodak PowerUp,SINGLE_VISION,$41.46,$124.38,3.0,BA,Standard,Standard
Essilor Eyezen+ / Eyezen Start,SINGLE_VISION,$42.94,$128.82,3.0,BA,Standard,Standard
Shamir Autograph II SV Attitude,SINGLE_VISION,$54.08,$162.24,3.0,BA,Tier 1,Tier I
Shamir Autograph II SV,SINGLE_VISION,$54.28,$162.84,3.0,BA,Tier 1,Tier I
Shamir Spectrum SV,SINGLE_VISION,$54.86,$164.58,3.0,BA,Tier 2,Tier II
Shamir Autograph III SV,SINGLE_VISION,$55.36,$166.08,3.0,BA,Tier 4,Tier IV
Shamir Relax SV,SINGLE_VISION,$59.26,$177.78,3.0,BA,Tier 1,Tier I
Essilor Stylistic SV,SINGLE_VISION,$60.70,$182.10,3.0,BA,Tier 2,Tier II
Shamir Attitude III SV Fashion/Sport,SINGLE_VISION,$62.12,$186.36,3.0,BA,Tier 3,Tier III
Essilor Fit SV,SINGLE_VISION,$63.92,$191.76,3.0,BA,Tier 2,Tier II
Essilor Eyecode SV,SINGLE_VISION,$68.20,$204.60,3.0,BA,Tier 3,Tier III
Flat Top 28,BIFOCAL,$42.00,$126.00,3.0,AA,Standard,Standard
Flat Top 35 D35,BIFOCAL,$46.38,$139.14,3.0,AA,Standard,Standard
Essilor Bifocal AB FT-28,BIFOCAL,$65.30,$195.90,3.0,BA,Standard,Standard
Flat Top 28 D28 Aspheric,BIFOCAL,$65.68,$197.04,3.0,BA,Standard,Standard
Shamir Duo,BIFOCAL,$69.70,$209.10,3.0,GA,Tier 1,Tier I
Trifocal,TRIFOCAL,$44.16,$132.48,3.0,AA,Standard,Standard
Flat Top 7x28,TRIFOCAL,$44.16,$132.48,3.0,AA,Standard,Standard
Flat Top 8x35,TRIFOCAL,$100.98,$302.94,3.0,AA,Standard,Standard
Shore Shorview,PROGRESSIVE,$38.30,$114.90,3.0,KA,Standard,Tier I
Vision-Ease Outlook,PROGRESSIVE,$41.80,$125.40,3.0,KA,Standard,Tier I
Younger Image,PROGRESSIVE,$43.40,$130.20,3.0,KA,Standard,Tier I
Shore Shorview ES / Mini,PROGRESSIVE,$45.90,$137.70,3.0,KA,Standard,Tier I
PALZ Value Progressive,PROGRESSIVE,$46.20,$138.60,3.0,KA,Standard,Tier I
Brillenz,PROGRESSIVE,$46.20,$138.60,3.0,KA,Standard,Tier I
Shore Shorview Digital / Mini,PROGRESSIVE,$48.90,$146.70,3.0,KA,Standard,Tier I
Signet-Armorlite Navigator,PROGRESSIVE,$69.80,$209.40,3.0,KA,Standard,Tier I
Kodak Easy,PROGRESSIVE,$72.70,$218.10,3.0,KA,Standard,Tier I
Shamir Genesis HD,PROGRESSIVE,$73.80,$221.40,3.0,KA,Standard,Tier I
Kodak Precise,PROGRESSIVE,$76.80,$230.40,3.0,JA,Tier 1,Tier I
Kodak Concise,PROGRESSIVE,$78.70,$236.10,3.0,JA,Tier 1,Tier I
Kodak Precise PB,PROGRESSIVE,$79.80,$239.40,3.0,JA,Tier 2,Tier I
Adaptar Digital,PROGRESSIVE,$81.00,$243.00,3.0,KA,Standard,Tier I
Varilux Comfort DRx,PROGRESSIVE,$84.70,$254.10,3.0,JA,Tier 2,Tier II
Shore Shorview DS Advanced Mini,PROGRESSIVE,$85.90,$257.70,3.0,JA,Tier 1,Tier I
Natural,PROGRESSIVE,$87.80,$263.40,3.0,KA,Standard,Tier I
Shamir FirstPAL,PROGRESSIVE,$87.80,$263.40,3.0,JA,Tier 1,Tier II
SmallFit,PROGRESSIVE,$89.30,$267.90,3.0,KA,Standard,Tier I
Natural Digital,PROGRESSIVE,$90.40,$271.20,3.0,KA,Standard,Tier I
Shamir Spectrum / Spectrum+,PROGRESSIVE,$91.40,$274.20,3.0,FA,Tier 3,Tier II
Essilor Ideal / Ideal Short,PROGRESSIVE,$92.40,$277.20,3.0,KA,Standard,Tier I
Shamir Element,PROGRESSIVE,$92.40,$277.20,3.0,JA,Tier 2,Tier I
Ovation,PROGRESSIVE,$93.90,$281.70,3.0,KA,Standard,Tier I
SmallFit Digital,PROGRESSIVE,$93.90,$281.70,3.0,KA,Standard,Tier I
Shore Shorview DS Advanced Fit,PROGRESSIVE,$94.40,$283.20,3.0,JA,Tier 1,Tier I
Ovation Digital,PROGRESSIVE,$98.40,$295.20,3.0,KA,Standard,Tier I
Essilor Ideal Fit,PROGRESSIVE,$100.60,$301.80,3.0,KA,Tier 1,Tier I
Kodak Unique,PROGRESSIVE,$104.00,$312.00,3.0,OA,Tier 3,Tier III
Essilor Ideal Advanced,PROGRESSIVE,$104.00,$312.00,3.0,KA,Tier 1,Tier II
Kodak Concise Digital,PROGRESSIVE,$105.20,$315.60,3.0,JA,Tier 2,Tier II
Essilor Ideal Driving/Sport,PROGRESSIVE,$112.40,$337.20,3.0,JA,Tier 2,Tier II
Kodak Unique DRO,PROGRESSIVE,$121.50,$364.50,3.0,OA,Tier 3,Tier III
Shamir InTouch,PROGRESSIVE,$122.70,$368.10,3.0,JA,Tier 3,Tier II
Varilux Comfort,PROGRESSIVE,$122.70,$368.10,3.0,FA,Tier 2,Tier II
Shamir Autograph II,PROGRESSIVE,$128.20,$384.60,3.0,OA,Tier 3,Tier III
Accolade,PROGRESSIVE,$130.90,$392.70,3.0,KA,Tier 1,Tier II
Varilux Comfort Max,PROGRESSIVE,$131.10,$393.30,3.0,FA,Tier 3,Tier III
Kodak Unique HD,PROGRESSIVE,$132.10,$396.30,3.0,OA,Tier 4,Tier IV
Varilux I design,PROGRESSIVE,$134.40,$403.20,3.0,FA,Tier 3,Tier III
Varilux Comfort Max Fit,PROGRESSIVE,$134.40,$403.20,3.0,FA,Tier 3,Tier III
Shamir Autograph II Attitude Fashion/Sport,PROGRESSIVE,$134.70,$404.10,3.0,OA,Tier 3,Tier III
Varilux Physio DRx,PROGRESSIVE,$151.80,$455.40,3.0,FA,Tier 3,Tier III
Kodak Unique DRO Mini,PROGRESSIVE,$152.50,$457.50,3.0,OA,Tier 3,Tier III
Accolade Freedom,PROGRESSIVE,$152.90,$458.70,3.0,JA,Tier 2,Tier III
Varilux Physio extensee Classic Edition,PROGRESSIVE,$153.80,$461.40,3.0,OA,Tier 3,Tier III
Varilux Physio extensee,PROGRESSIVE,$175.30,$525.90,3.0,OA,Tier 4,Tier IV
Varilux Physio extensee track,PROGRESSIVE,$180.30,$540.90,3.0,OA,Tier 4,Tier IV
Shamir Autograph III,PROGRESSIVE,$184.30,$552.90,3.0,NA,Tier 4,Tier IV
Shamir Attitude III Fashion/Sport,PROGRESSIVE,$187.30,$561.90,3.0,NA,Tier 3,Tier III
Shamir Autograph Intelligence,PROGRESSIVE,$195.70,$587.10,3.0,NA,Tier 5,Tier IV
Varilux X Design,PROGRESSIVE,$200.00,$600.00,3.0,OA,Tier 5,Tier V
Varilux XR design,PROGRESSIVE,$224.00,$672.00,3.0,NA,Tier 5,Tier V
Varilux XR track,PROGRESSIVE,$224.00,$672.00,3.0,NA,Tier 5,Tier V
Shamir Autograph II Office,OFFICE,$59.40,$178.20,3.0,IA,Tier 3,Tier II
Shamir Office,OFFICE,$71.50,$214.50,3.0,IA,Tier 2,Tier I
Kodak SoftWear,OFFICE,$84.40,$253.20,3.0,IA,Tier 2,Tier II
Shamir Computer,OFFICE,$101.80,$305.40,3.0,IA,Tier 3,Tier I
Shamir Workspace,OFFICE,$101.80,$305.40,3.0,IA,Tier 3,Tier I
Essilor Ideal @ Computer,OFFICE,$102.20,$306.60,3.0,IA,Tier 2,Tier I
Reflection Free,AR_COATING,$18.20,$54.60,3.0,QM,Tier 1,Tier I
Essential Blue Series,AR_COATING,$31.72,$95.16,3.0,QM,Tier 1,Tier I
TD2 with Optifog,AR_COATING,$41.70,$104.25,2.5,QT,Tier 2,Tier III
Crizal Easy,AR_COATING,$44.00,$110.00,2.5,QT,Tier 2,Tier II
SharpView+,AR_COATING,$36.80,$110.40,3.0,QM,Tier 1,Tier I
TD2 2-Sided,AR_COATING,$49.20,$123.00,2.5,QT,Tier 2,Tier II
Crizal Easy Pro,AR_COATING,$49.20,$147.60,3.0,QT,Tier 2,Tier III
Crizal Sun Shield UV,AR_COATING,$61.20,$183.60,3.0,QV,Tier 3,Tier IV
Crizal Rock,AR_COATING,$68.15,$204.45,3.0,QV,Tier 3,Tier IV
Crizal Optifog,AR_COATING,$86.00,$215.00,2.5,QV,Tier 3,Tier IV
Crizal Prevencia,AR_COATING,$75.02,$225.06,3.0,QV,Tier 3,Tier IV
Crizal Sun Shield Mirrors UV,AR_COATING,$80.00,$240.00,3.0,QV,Tier 3,Tier IV
Crizal Sapphire HR,AR_COATING,$86.04,$258.12,3.0,QV,Tier 3,Tier IV
Transitions GEN S,TRANSITIONS,$61.36,$184.08,3.0,PR,Photochromic,Photochromic
Transitions XTRActive New Generation,TRANSITIONS,$75.02,$225.06,3.0,PR,Photochromic,Photochromic
Transitions Drivewear,TRANSITIONS,$94.10,$282.30,3.0,PR,Photochromic,Photochromic
Transitions XTRActive Polarized,TRANSITIONS,$124.00,$372.00,3.0,PR+DA,Photochromic+Polarized,Photochromic+Polarized
LiteStyle / Poly,MATERIAL,$25.00,$75.00,3.0,AD,Polycarbonate,Polycarbonate
Trexa / Trivex,MATERIAL,$35.00,$105.00,3.0,BB,Mid-Index,Mid-Index
High Index 1.60,MATERIAL,$50.00,$150.00,3.0,BB,High-Index 1.60,High-Index 1.60
Ultra High Index 1.67,MATERIAL,$75.00,$225.00,3.0,BH,High-Index 1.67,High-Index 1.67
Ultra High Index 1.74,MATERIAL,$113.34,$340.02,3.0,BJ,High-Index 1.74,High-Index 1.74
