Name,Category,Wholesale,Retail,Multiplier
Essilor Eyezen+ / Eyezen Start,Lens,42.94,128.82,3.0
Essilor Stylistic SV,Lens,60.7,182.1,3.0
Essilor Fit SV,Lens,63.92,191.76,3.0
Essilor Eyecode SV,Lens,68.2,204.6,3.0
Shamir Autograph III SV,Lens,55.36,166.08,3.0
Shamir Autograph II SV,Lens,54.28,162.84,3.0
Shamir Spectrum SV,Lens,54.86,164.58,3.0
Shamir Relax SV,Lens,59.26,177.78,3.0
Shamir Attitude III SV Fashion/Sport,Lens,62.12,186.36,3.0
Shamir Autograph II SV Attitude,Lens,54.08,162.24,3.0
Kodak Digital SV,Lens,41.42,124.26,3.0
Kodak PowerUp,Lens,41.46,124.38,3.0
Single Vision,Lens,26.8,80.4,3.0
Single Vision Aspheric,Lens,37.84,113.52,3.0
Essilor Anti-Fatigue SV,Lens,41.12,123.36,3.0
Essilor Bifocal AB FT-28,Lens,65.3,195.9,3.0
Shamir Duo,Lens,69.7,209.1,3.0
Flat Top 28 D28,Lens,42.0,126.0,3.0
Flat Top 35 D35,Lens,46.38,139.14,3.0
Flat Top 28 D28 Aspheric,Lens,65.68,197.04,3.0
Flat Top 7x28,Lens,44.16,132.48,3.0
Flat Top 8x35,Lens,100.98,302.94,3.0
Essilor Ideal @ Computer,Lens,102.2,306.6,3.0
Shamir Computer,Lens,101.8,305.4,3.0
Shamir Workspace,Lens,101.8,305.4,3.0
Shamir Autograph II Office,Lens,59.4,178.2,3.0
Kodak SoftWear,Lens,84.4,253.2,3.0
Shamir Office,Lens,71.5,214.5,3.0
Shamir Autograph Intelligence,Lens,195.7,587.1,3.0
Shamir Autograph III,Lens,184.3,552.9,3.0
Shamir Autograph II,Lens,128.2,384.6,3.0
Shamir InTouch,Lens,122.7,368.1,3.0
Shamir Spectrum / Spectrum+,Lens,91.4,274.2,3.0
Shamir Element,Lens,92.4,277.2,3.0
Shamir FirstPAL,Lens,87.8,263.4,3.0
Shamir Genesis HD,Lens,73.8,221.4,3.0
Shamir Attitude III Fashion/Sport,Lens,187.3,561.9,3.0
Shamir Autograph II Attitude Fashion/Sport,Lens,134.7,404.1,3.0
Kodak Easy,Lens,72.7,218.1,3.0
Kodak Unique DRO,Lens,121.5,364.5,3.0
Kodak Unique DRO Mini,Lens,152.5,457.5,3.0
Kodak Unique HD,Lens,132.1,396.3,3.0
Kodak Unique,Lens,104.0,312.0,3.0
Kodak Concise Digital,Lens,105.2,315.6,3.0
Kodak Precise,Lens,76.8,230.4,3.0
Kodak Precise PB,Lens,79.8,239.4,3.0
Shore Shorview DS Advanced Fit,Lens,94.4,283.2,3.0
Shore Shorview DS Advanced Mini,Lens,85.9,257.7,3.0
Shore Shorview Digital / Mini,Lens,48.9,146.7,3.0
PALZ Value Progressive,Lens,46.2,138.6,3.0
Kodak Concise,Lens,78.7,236.1,3.0
Signet-Armorlite Navigator,Lens,69.8,209.4,3.0
Younger Image,Lens,43.4,130.2,3.0
Vision-Ease Outlook,Lens,41.8,125.4,3.0
Shore Shorview ES / Mini,Lens,45.9,137.7,3.0
Shore Shorview,Lens,38.3,114.9,3.0
Varilux XR track,Lens,224.0,672.0,3.0
Varilux XR design,Lens,224.0,672.0,3.0
Varilux X Design,Lens,200.0,600.0,3.0
Varilux Physio extensee track,Lens,180.3,540.9,3.0
Varilux Physio extensee,Lens,175.3,525.9,3.0
Varilux Physio extensee Classic Edition,Lens,153.8,461.4,3.0
Varilux Physio DRx,Lens,151.8,455.4,3.0
Varilux I design,Lens,134.4,403.2,3.0
Varilux Comfort Max,Lens,131.1,393.3,3.0
Varilux Comfort Max Fit,Lens,134.4,403.2,3.0
Varilux Comfort DRx,Lens,84.7,254.1,3.0
Varilux Stylistic Wrap,Addon,146.1,292.2,2.0
Essilor Ideal / Ideal Short,Lens,92.4,277.2,3.0
Essilor Ideal Fit,Lens,100.6,301.8,3.0
Essilor Ideal Advanced,Lens,104.0,312.0,3.0
Essilor Ideal Advanced Wrap,Addon,104.0,208.0,2.0
Essilor Ideal Driving/Sport,Lens,112.4,337.2,3.0
Accolade Freedom,Lens,152.9,458.7,3.0
Ovation Digital,Lens,98.4,295.2,3.0
SmallFit Digital,Lens,93.9,281.7,3.0
Natural Digital,Lens,90.4,271.2,3.0
Adaptar Digital,Lens,81.0,243.0,3.0
Brillenz,Lens,46.2,138.6,3.0
Varilux Comfort,Lens,122.7,368.1,3.0
Accolade,Lens,130.9,392.7,3.0
Ovation,Lens,93.9,281.7,3.0
SmallFit,Lens,89.3,267.9,3.0
Natural,Lens,87.8,263.4,3.0
Special Base Curve - SV,Addon,10.0,20.0,2.0
Special Base Curve - MF,Addon,12.2,24.4,2.0
Frosted Lens (Each Lens),Addon,13.8,27.6,2.0
Double Side Grind,Addon,32.6,65.2,2.0
Myodisc & Lenticular Grind,Addon,90.4,180.8,2.0
Slab-Off per lens,Addon,111.3,222.6,2.0
Bi-Concave,Lens,16.0,48.0,3.0
Solid Tint - CR39/Poly CLR Lens,Addon,8.9,17.8,2.0
Gradient Tint - CR39/Poly CLR Lens,Addon,15.0,30.0,2.0
Gradient Tint - CR39/Poly Polar Lens,Addon,7.8,15.6,2.0
Solid,Lens,8.9,26.7,3.0
Gradient,Lens,15.0,45.0,3.0
Multi-Gradient / Double Tints,Addon,17.2,34.4,2.0
Remove Tint,Addon,12.2,24.4,2.0
Style Mirrors (Add to XTRActive),Addon,37.0,74.0,2.0
Mirror - Solid Color,Addon,27.0,54.0,2.0
Mirror - Gradient,Addon,29.2,58.4,2.0
Regular Freight (FOB Shipping Point),Addon,1.94,3.88,2.0
Grooved Rimless,Addon,9.4,18.8,2.0
Rimless Drilled (up to 4 holes),Addon,18.8,37.6,2.0
Rimless Drilled (up to 8 holes),Addon,26.0,52.0,2.0
Rimless Drilled - Special,Addon,42.5,85.0,2.0
Rimless Drill and/or Notch,Addon,26.0,52.0,2.0
Full Metal Groove,Addon,16.0,32.0,2.0
Roll & Polish,Addon,7.2,14.4,2.0
Facet,Lens,50.8,152.4,3.0
"Double Facet, Scalloped & Slotted",Lens,67.3,201.9,3.0
Sport Edge / Wrap Frame,Addon,15.5,31.0,2.0
Modify to Shape / Custom Shape / Hand Edge,Addon,15.5,31.0,2.0
Wrap Lens,Addon,16.0,32.0,2.0
Re-String Nylon Frame,Lens,13.8,41.4,3.0
"Cut, Edge, Mount Customer Lens",Addon,18.2,36.4,2.0
Insert / Mount Lenses,Lens,6.7,20.1,3.0
Roll Edges (Service),Addon,7.2,14.4,2.0
Groove & Paint (Color Groove),Addon,16.0,32.0,2.0
Edge Coating: ColorSmart,Addon,11.1,22.2,2.0
"Engrave Initials, Name or Standard Design",Addon,12.7,25.4,2.0
Swim Goggle Edge & Mount,Addon,15.0,30.0,2.0
Press-On Prism (Optics) Supply & Mount,Addon,37.0,74.0,2.0
Drill Out Screws,Addon,9.4,18.8,2.0
Re-Shape Metal Frame,Lens,18.8,56.4,3.0
Hinge Repair for Zyl Frame (Hidden Hinge),Addon,12.7,25.4,2.0
Hinge Repair for Zyl Frame (Rivet/Shield),Addon,12.7,25.4,2.0
Nose Pads: Adjustable Pads/Arms for Zyl Frame,Addon,8.3,16.6,2.0
Nose Pads: Attach Adjustable Silicon Nose Bridge,Addon,14.4,28.8,2.0
Nose Pads: Replacement (Fitted Soft or Silicone),Addon,11.6,23.2,2.0
Temple Covers (Supply & Mount),Addon,6.7,13.4,2.0
Cable Temple Conversion - Zyl Frame,Addon,10.0,20.0,2.0
Cable Temple Conversion - Metal Frame,Addon,10.0,20.0,2.0
Replace 1 Temple,Addon,15.0,30.0,2.0
Shorten / Cut Temples,Addon,15.0,30.0,2.0
Single Solder & Materials,Addon,20.4,40.8,2.0
Double Solder & Materials - Re-Insert Lenses,Addon,27.0,54.0,2.0
Double Solder & Materials,Addon,35.8,71.6,2.0
Make or Modify Pattern from Customer Drawing,Addon,10.0,20.0,2.0
Transitions GEN S,Transitions,70.0,175.0,2.5
Transitions XTRActive New Generation,Transitions,67.0,167.5,2.5
Transitions XTRActive Polarized,Transitions,109.0,272.5,2.5
Transitions Drivewear,Transitions,96.2,240.5,2.5
Polarized w/ Xperio UV / Xperio UV Mirror,Addon,109.9,219.8,2.0
Polarized,Lens,51.9,155.7,3.0
"Spheres over Base Range, Per D, Per Pair",Addon,7.5,15.0,2.0
"Cylinder over Base Range, Per D, Per Pair",Addon,7.5,15.0,2.0
"Prism over Base Range, Per D, Per Lens",Addon,4.1,8.2,2.0
"Adds Over 3.00, Per Pair",Lens,11.0,33.0,3.0
"Adds Over 4.00, Per Pair",Lens,13.2,39.6,3.0
UNCUT Deduct,Addon,-10.0,-20.0,2.0
Crizal Sapphire HR,AR,72.0,180.0,2.5
Crizal Prevencia,AR,72.0,180.0,2.5
Crizal Rock,AR,61.0,152.5,2.5
Crizal Easy Pro,AR,59.0,147.5,2.5
Crizal Easy,AR,44.0,110.0,2.5
Crizal Sunshield UV,AR,71.0,177.5,2.5
Crizal Sunshield Mirrors UV,AR,71.0,177.5,2.5
Crizal Optifog,AR,86.0,215.0,2.5
SharpView+,Lens,36.8,110.4,3.0
TD2 2-Sided,AR,49.2,123.0,2.5
TD2 with Optifog,AR,41.7,104.25,2.5
Reflection Free,Lens,18.2,54.6,3.0
Essential Blue Series,Lens,10.0,30.0,3.0
LiteStyle / Poly,Material,,55,
Trexa / Trivex,Material,,65,
High Index 1.60,Material,,90,
Ultra High Index 1.67,Material,,119,
Ultra High Index 1.74,Material,,135,
